GROUP,PACKAGE,CLASS,INSTRUCTION_MISSED,INSTRUCTION_COVERED,BRANCH_MISSED,BRANCH_COVERED,LINE_MISSED,LINE_COVERED,COMPLEXITY_MISSED,COMPLEXITY_COVERED,METHOD_MISSED,METHOD_COVERED
ada,com.ada.model.infrastructure.out,LiteLlmClient,145,0,18,0,24,0,13,0,4,0
ada,com.ada.model.infrastructure.out,DefaultModelSelectionStrategy,19,0,2,0,5,0,4,0,3,0
ada,com.ada.model.infrastructure.out,RequestedModelSelectionStrategy,21,0,4,0,3,0,5,0,3,0
ada,com.ada.conversation.application.dto,LlmTool,0,12,0,0,0,1,0,1,0,1
ada,com.ada.conversation.application.dto,MessageExecutionState.InvokingTool,11,0,0,0,3,0,3,0,3,0
ada,com.ada.conversation.application.dto,MessageExecutionState.Received,7,0,0,0,3,0,3,0,3,0
ada,com.ada.conversation.application.dto,TokenUsageComponent,12,0,0,0,1,0,1,0,1,0
ada,com.ada.conversation.application.dto,ContextState,20,0,0,0,6,0,2,0,2,0
ada,com.ada.conversation.application.dto,ChatRequest,0,9,0,0,0,1,0,1,0,1
ada,com.ada.conversation.application.dto,LlmToolCall,12,0,0,0,1,0,1,0,1,0
ada,com.ada.conversation.application.dto,MessageExecutionState.FilteringCommand,7,0,0,0,3,0,3,0,3,0
ada,com.ada.conversation.application.dto,LlmCompletion,29,0,0,0,5,0,2,0,2,0
ada,com.ada.conversation.application.dto,MessageExecutionState.Completed,7,0,0,0,3,0,3,0,3,0
ada,com.ada.conversation.application.dto,ToolExecutionResult,12,0,0,0,1,0,1,0,1,0
ada,com.ada.conversation.application.dto,MessageExecutionState.InvokingModel,11,0,0,0,3,0,3,0,3,0
ada,com.ada.conversation.application.dto,ChatResult,18,0,0,0,1,0,1,0,1,0
ada,com.ada.conversation.application.dto,LlmRequest,0,36,0,0,0,6,0,2,0,2
ada,com.ada.conversation.application.dto,LlmMessageRole,0,31,0,0,0,6,0,2,0,2
ada,com.ada.conversation.application.dto,MessageExecutionState.CreatingContext,7,0,0,0,3,0,3,0,3,0
ada,com.ada.conversation.application.dto,ModelSelection,6,0,0,0,1,0,1,0,1,0
ada,com.ada.conversation.application.dto,LlmContentComponent,0,45,0,0,0,8,0,1,0,1
ada,com.ada.conversation.application.dto,LlmMessage,10,31,1,1,2,5,2,2,1,2
ada,com.ada.conversation.application.dto,MessageExecutionState.Failed,11,0,0,0,3,0,3,0,3,0
ada,com.ada.conversation.application.dto,LlmRequestMetadata,0,28,0,0,0,6,0,2,0,2
ada,com.ada.conversation.application.dto,TokenUsageSource,15,0,0,0,3,0,1,0,1,0
ada,com.ada.shared.infrastructure,DataDirectoryInitializer,36,0,2,0,7,0,4,0,3,0
ada,com.ada.shared.infrastructure,DataSourceConfiguration,0,26,0,0,0,6,0,2,0,2
ada,com.ada.shared.infrastructure,AdaProperties,6,17,0,0,2,5,2,2,2,2
ada,com.ada.conversation.context,MemoriesContextItem,7,0,0,0,3,0,3,0,3,0
ada,com.ada.conversation.context,ToolsContextItem,32,0,0,0,7,0,4,0,4,0
ada,com.ada.conversation.context,ToolResponseContextItem,7,0,0,0,3,0,3,0,3,0
ada,com.ada.conversation.context,ContextAssembler,37,0,2,0,8,0,3,0,2,0
ada,com.ada.conversation.context,SystemContextItem,33,0,0,0,7,0,3,0,3,0
ada,com.ada.conversation.context,CompactedPromptContextItem,86,0,6,0,17,0,9,0,6,0
ada,com.ada.conversation.context,ResponseContextItem,7,0,0,0,3,0,3,0,3,0
ada,com.ada.conversation.context,PromptContextItem,29,0,0,0,5,0,3,0,3,0
ada,com.ada.shared.infrastructure.dto,LlmProperties,0,12,0,0,0,1,0,1,0,1
ada,com.ada.model.infrastructure.out.litellm.mapper,LiteLlmMapperImpl,3,0,0,0,1,0,1,0,1,0
ada,com.ada.model.infrastructure.out.litellm.mapper,LiteLlmMapper,20,70,0,0,2,20,1,5,1,5
ada,com.ada.conversation.infrastructure.in.rest.dto,ChatHttpRequest,9,0,0,0,1,0,1,0,1,0
ada,com.ada.conversation.infrastructure.in.rest.dto,ChatHttpResponse,15,0,0,0,1,0,1,0,1,0
ada,com.ada.conversation.infrastructure.in.rest.dto,ErrorHttpResponse,9,0,0,0,1,0,1,0,1,0
ada,com.ada.conversation.infrastructure.in.rest.dto,ChatAcceptedHttpResponse,6,0,0,0,1,0,1,0,1,0
ada,com.ada.conversation.infrastructure.in.rest.dto,MessageStatusHttpResponse,12,0,0,0,1,0,1,0,1,0
ada,com.ada.conversation.infrastructure.out.state,InMemoryMessageStateTracker,78,0,6,0,19,0,7,0,4,0
ada,com.ada.conversation.infrastructure.out.state,InMemoryMessageStateTracker.Entry,9,0,0,0,1,0,1,0,1,0
ada,com.ada.conversation.infrastructure.out.prompt,SqliteSystemPromptProvider,28,0,2,0,9,0,4,0,3,0
ada,com.ada.shared.observability,ContextMetricsAspect,49,0,0,0,7,0,2,0,2,0
ada,com.ada.shared.observability,AdaMetrics,224,0,8,0,33,0,11,0,7,0
ada,com.ada.shared.observability,TokenUsageEstimator,151,0,8,0,21,0,10,0,6,0
ada,com.ada.conversation.infrastructure.in.rest.mapper,ChatRestMapperImpl,59,0,4,0,21,0,5,0,3,0
ada,com.ada.conversation.infrastructure.in.rest.mapper,ChatRestMapper,9,0,0,0,1,0,1,0,1,0
ada,com.ada.model.infrastructure.out.litellm.dto,LiteLlmMessage,9,20,1,1,2,3,2,1,1,1
ada,com.ada.model.infrastructure.out.litellm.dto,LiteLlmChoice,6,0,0,0,1,0,1,0,1,0
ada,com.ada.model.infrastructure.out.litellm.dto,LiteLlmRequest,0,18,0,0,0,1,0,1,0,1
ada,com.ada.model.infrastructure.out.litellm.dto,LiteLlmUsage,9,0,0,0,1,0,1,0,1,0
ada,com.ada.model.infrastructure.out.litellm.dto,LiteLlmTool,0,9,0,0,0,1,0,1,0,1
ada,com.ada.model.infrastructure.out.litellm.dto,LiteLlmFunctionDefinition,0,12,0,0,0,1,0,1,0,1
ada,com.ada.model.infrastructure.out.litellm.dto,LiteLlmResponse,12,0,0,0,1,0,1,0,1,0
ada,com.ada.model.infrastructure.out.litellm.dto,LiteLlmFunctionCall,9,0,0,0,1,0,1,0,1,0
ada,com.ada.model.infrastructure.out.litellm.dto,LiteLlmToolCall,18,0,0,0,3,0,2,0,2,0
ada,com.ada.conversation.infrastructure.in.rest.filter,NormalizeChatRequestFilter,14,0,0,0,3,0,3,0,3,0
ada,com.ada.conversation.infrastructure.in.rest.filter,ValidateChatRequestFilter,12,0,0,0,3,0,3,0,3,0
ada,com.ada.conversation.infrastructure.in.rest.filter,CommandChatRequestFilter,10,0,0,0,3,0,3,0,3,0
ada,com.ada,AdaApplication,8,0,0,0,3,0,2,0,2,0
ada,com.ada.conversation.infrastructure,ConversationTaskConfiguration,23,0,0,0,8,0,2,0,2,0
ada,com.ada.conversation.application,LlmRequestFactory,25,0,0,0,6,0,2,0,2,0
ada,com.ada.conversation.application,ChatUseCase,312,0,12,0,70,0,15,0,9,0
ada,com.ada.conversation.application,SelectModelUseCase,56,0,8,0,8,0,6,0,2,0
ada,com.ada.conversation.infrastructure.in.rest,HealthController,5,0,0,0,2,0,2,0,2,0
ada,com.ada.conversation.infrastructure.in.rest,ChatController,44,0,2,0,10,0,4,0,3,0
ada,com.ada.conversation.infrastructure.in.rest,ChatExceptionHandler,29,0,0,0,7,0,4,0,4,0
